[{"id":1,"name":"DI.FM","key":"di","url":"https://www.di.fm","description":null,"created_at":"2010-03-16T18:02:42-04:00","updated_at":"2021-12-06T11:52:38-05:00","active":true,"listen_url":"http://listen.di.fm","service_key":"di-premium","active_channel_count":100},{"id":2,"name":"RadioTunes","key":"radiotunes","url":"https://www.radiotunes.com","description":null,"created_at":"2010-03-16T18:02:42-04:00","updated_at":"2021-12-06T11:51:46-05:00","active":true,"listen_url":"http://listen.radiotunes.com","service_key":"radiotunes-premium","active_channel_count":99},{"id":12,"name":"JAZZRADIO.com","key":"jazzradio","url":"https://www.jazzradio.com","description":null,"created_at":"2010-03-16T18:02:42-04:00","updated_at":"2021-12-06T11:51:04-05:00","active":true,"listen_url":"http://listen.jazzradio.com","service_key":"jazzradio-premium","active_channel_count":43},{"id":13,"name":"ROCKRADIO.COM","key":"rockradio","url":"https://www.rockradio.com","description":null,"created_at":"2012-04-11T15:49:22-04:00","updated_at":"2021-12-06T11:50:28-05:00","active":true,"listen_url":"http://listen.rockradio.com","service_key":"rockradio-premium","active_channel_count":37},{"id":15,"name":"ClassicalRadio.com","key":"classicalradio","url":"https://www.classicalradio.com","description":null,"created_at":"2015-06-02T08:57:58-04:00","updated_at":"2021-12-06T11:49:06-05:00","active":true,"listen_url":"http://listen.classicalradio.com","service_key":"classicalradio-premium","active_channel_count":56},{"id":16,"name":"ZenRadio.com","key":"zenradio","url":"https://www.zenradio.com","description":null,"created_at":"2018-08-09T10:13:14-04:00","updated_at":"2019-02-06T08:05:39-05:00","active":true,"listen_url":"http://listen.zenradio.com","service_key":"zenradio-premium","active_channel_count":39}]